"rank_mu","rank_nu","mu_mean","nu_mean","mu_sim","nu_sim","ess_mean","rhat_max","time_sec","ess_per_sec"
53,54,0.1825286754518,0.005265625525,3.70032802589271e-09,0.00213970326647514,18.1908277450721,1.03243392575468,76.3458197116852,0.238268811753787
197,200,0.0432641353031711,0.00159250652,0.544065031965382,0.00350121262981163,21.4894303687237,1.02794924585695,194.105878829956,0.110709837838293
42,37,63.25737205,0.0063658105,46.7034706849668,0.00442894649195436,40.7792036820482,1.0185160080836,180.735531330109,0.225629146532156
0,8,0.398904242765285,0.02469026805,1.27913846496423e-10,0.00497934824423507,14.2414402292412,1.07654931796456,34.255478143692,0.415741977662738
33,39,0.739122897758394,0.02011578545,0.000864615963549223,0.00783761708264099,3.40706804553305,1.30243409857446,48.7362880706787,0.0699082384073245
200,200,1.88581070899298,0.00226204226,25.5462214061905,0.00821991064281732,24.2362693170668,0.998567918917823,242.019139528275,0.100141953088117
0,1,0.411693905858191,0.0712820016,1.35632212547476e-11,0.0100634207910173,12.781683800628,1.11850243897148,25.3953340053558,0.503308355697641
98,71,9.14129184875,0.01633618995,9.10644838680428,0.0128831903724667,5.68473073417603,1.1433527845797,67.2524943351746,0.0845281768412088
196,200,0.112280428533567,0.0052860204,1.16682756366279,0.0128963500182622,28.2977049070989,1.00698109186442,78.809139251709,0.359066285659062
5,1,3.6450216215,0.040893275,0.184203620034678,0.0133104735555358,17.7876807183775,1.09209733460552,34.7063286304474,0.512519803168482
40,50,3.584815103315,0.02553022955,0.576228197857584,0.0142411571398993,24.8015065360588,1.06940361780975,50.8696897029877,0.487549790078671
140,118,59.137276,0.01685425595,65.431916790796,0.0177103516272832,52.5169113759858,1.06472483077805,74.4288263320923,0.705599079873459
139,139,1.122751270056,0.0141305863,1.46994034472377,0.0183625925536772,14.7555940359185,1.08811760561663,59.8960518836975,0.246353366738929
0,0,0.236169089080375,0.121564266,5.99017137761865e-09,0.0186262077258681,3.737245634627,1.28449149717333,17.0896670818329,0.218684519524659
14,15,2.099392886375,0.05000310275,0.192223497586243,0.0230278656782785,12.5414073782733,1.07455656075059,32.6899795532227,0.383646840704034
114,111,0.188562038365829,0.0235884911,0.050229518371644,0.0232068130512987,4.2595062941673,1.2178218415487,36.3746469020844,0.117100966110635
49,56,0.605988958935,0.051864955,0.0267534260164028,0.0287766353962747,23.0624126732669,1.00000763941708,28.9717364311218,0.796031426286652
50,48,0.0634260049482935,0.067380561,1.02054413971697e-05,0.0289665483889175,46.4205223612293,1.01855374582136,18.2511827945709,2.54342542528464
84,92,0.129876877767284,0.0386604967,0.0137738652249154,0.0346045112772523,10.2345483186326,1.12738170693452,23.6313269138336,0.433092409747053
6,6,0.36405743561895,0.1453923905,0.000107649821739966,0.0371660187846337,37.1538630183164,1.01338040883365,18.8056383132935,1.97567678370443
9,3,0.113521504371572,0.2124401365,1.36443908462366e-07,0.0387913204879211,48.3766150034742,0.997099179873368,16.3004415035248,2.96781010459216
16,26,0.0101596058593944,0.1075929215,8.82433793882277e-10,0.0399740060937525,17.7534861699614,1.01006211787361,13.3495407104492,1.32989490462882
59,62,2.07706130039753,0.07474856345,0.530442859363335,0.040674732096658,1.39856805473671,2.05807622034544,30.4141800403595,0.0459840789026967
4,6,0.0438854706496356,0.1346281705,6.60258123547861e-08,0.0426492294820855,9.13588031796978,1.12097624700186,15.6059823036194,0.585408860540035
0,0,0.16244021646942,0.4250173165,5.55055494755121e-10,0.0432130169552197,29.796216122517,1.01728363937719,12.4717810153961,2.38909070691141
126,126,0.320486660527788,0.0320589755,0.263830243176963,0.0461701455077062,1.70398421003119,1.70850665996816,32.4080121517181,0.0525791030333482
161,184,0.107423954148518,0.0266284755,0.225571633315908,0.0481519623599553,4.36886949566371,1.20234478996013,29.3912198543549,0.148645395370222
80,105,0.00392091110384859,0.0592938465,8.7834851106132e-07,0.0497108701905008,23.3699707149769,1.01517180605226,16.9320511817932,1.3802208878335
6,6,0.0112328859166595,0.189879815,5.80843748376164e-10,0.0514025566910415,15.0179470685401,1.09468130427153,13.651079416275,1.10012890633655
35,29,22.676425,0.067885964,20.0014468975155,0.0528835435996415,100.676879234502,1.00008573496646,23.3531677722931,4.31105879151641
43,35,27.317862,0.067908966,25.1109341773737,0.0555743165126571,92.7083608198382,0.998455196155999,25.2456564903259,3.67224995140704
52,39,0.318066961597586,0.1442156525,0.0106068688653717,0.0576955686277499,26.9656456561236,1.02175335809463,16.3742551803589,1.64683189306035
38,31,0.0902561090966225,0.149428603,0.000535736397064285,0.0617323300294741,15.6556620313524,1.06020088121437,16.6979143619537,0.93758188549726
3,3,0.0438368648794558,0.3577236175,3.67132770298659e-10,0.0647327160166813,17.618040874097,1.02015064192169,13.9465050697327,1.26325848562106
141,148,0.27204279579235,0.050509351,0.324948383371821,0.0655286103288572,35.4901372740873,1.04851532993826,26.7680592536926,1.32583901349484
6,4,0.181413009431732,0.382575051,4.71898558019358e-05,0.0656055746040147,24.1965244494144,1.00473872572317,12.8101975917816,1.88884865171304
29,30,0.0175101461237109,0.1656952455,3.20901798181245e-07,0.0679697477680951,30.5198490115035,1.0064582895609,13.8710398674011,2.20025674378094
96,81,19.1629465,0.073873543,18.9556622157974,0.0681916081622534,58.6667194530754,1.01463402922271,22.3568248748779,2.62410784095726
195,66,73.7722255,0.0739152885,79.7174781386916,0.0683012831059236,107.119709920735,1.00085751315885,32.5189661979675,3.29406873725986
159,200,55.5017895,0.051359964,58.1833530935651,0.0726636408574269,58.5693952652379,1.04492867341692,33.9336450099945,1.72599775968622
152,128,12.27302,0.068922743,14.4817797532494,0.0745324578870614,34.7972569222023,1.05921437416631,20.8425369262695,1.66953077954462
198,159,16.2401292,0.063464013,21.225931954518,0.0753795394902921,66.060624395122,1.00496524083011,24.3020031452179,2.71832013189914
73,72,0.144612630402772,0.102617388,0.0395758178147093,0.0845515691582823,20.2801605923179,1.06169869824891,18.3350713253021,1.10608572132095
26,193,173.250285,0.0689224205,167.078920059843,0.0862602039457097,144.866875871385,1.00226857556216,51.7812540531158,2.79767028667912
43,45,0.0890107316377294,0.2069658005,0.000264930345066755,0.0901135860000834,2.71785114628738,1.38232630191608,14.7842483520508,0.183834245851963
160,155,0.0854174472826936,0.0628019185,0.165037658931943,0.0922985059741945,5.78296663806755,1.13716431136261,19.881053686142,0.290878276843976
80,83,0.0142369809931728,0.110523706,0.000663649990042419,0.0932925115209207,34.9476153213681,1.00272812033046,15.3249154090881,2.28044425619753
99,42,5.0960482,0.1246010575,5.11382372012356,0.0957401953306022,34.9493768782596,1.01837972483252,14.3783628940582,2.43069236294643
12,7,0.1696505622621,0.3508003445,0.000651723451212291,0.0967327337746675,22.9069431981775,1.00631186753692,15.9761979579926,1.43381693556931
0,0,0.00880490043203525,0.62991926,1.47321642935445e-21,0.106334257246612,14.9062520265828,1.05930856751068,8.96232962608337,1.66321175949618
196,199,0.0372387381143205,0.0603259395,0.221705012532226,0.107519716703508,31.9504419088813,1.03940312311367,18.5284039974213,1.72440334922145
99,28,19.975884,0.1324865105,19.9964624659759,0.108093028682187,114.738079408984,0.995922895794224,15.1293475627899,7.58380881480824
52,60,0.301856387001326,0.1999703205,0.0283519517341041,0.110921007513419,2.33703600704129,1.43681155368622,17.2193794250488,0.135721267843232
35,48,38.030218,0.130944411,36.3076467382134,0.118385950940578,110.002401631482,1.03792832942906,18.9201967716217,5.81401995757644
62,21,8.86681515,0.16484099,8.41360708276926,0.119772560227905,33.1951988599722,1.05646558857754,12.6095588207245,2.63254244909934
0,0,0.23999701821405,2.49595231,8.71998332743298e-13,0.120339432274099,1.38122530545148,2.17083468316146,9.33449339866638,0.147970033986935
200,12,29.2119215,0.155542635,32.5981016112488,0.122017172566968,149.46825441753,0.997792314498675,16.2622904777527,9.19109485973132
175,178,0.0125847044300488,0.068097986,0.0288376214616432,0.122886027049981,23.2988773093093,1.02487595862004,16.1501393318176,1.44264249556088
66,75,0.0299376034920264,0.1724942485,0.000858998716484898,0.124599488816799,21.8115503596414,1.09685126181864,13.7770318984985,1.58318210484934
5,9,0.00340673694404395,0.48881286,2.17746673845693e-14,0.125622465162301,24.1014753003616,1.00523361688138,10.072126865387,2.39288837625614
134,117,0.179987580346604,0.117049722,0.200844193682313,0.126841132011583,12.4522169694999,1.04095783116747,18.1704292297363,0.685301200762038
125,96,8.60070245,0.129702267,9.29357317080177,0.128361338651996,45.1488038994011,1.03316372677162,14.0442099571228,3.21476281237899
129,123,0.0284258257847211,0.1212125195,0.0136313817629314,0.13038000997205,5.65813127475088,1.15205054724088,14.6438682079315,0.386382286046953
1,0,0.0041535296111433,1.54822755,5.59386060504468e-22,0.130428064625163,38.5192508506164,1.02732864994822,9.94674468040466,3.87254846568046
127,118,0.017445140557648,0.1451065545,0.00206313930410793,0.139716013668045,22.2197489567279,1.05649165274292,14.3336703777313,1.55017859146868
113,132,11.72308905,0.1397682415,12.0430566958662,0.148600521397079,90.7502336115292,1.02662456387893,13.7740030288696,6.58851558412767
10,15,0.0864399352204477,0.713350241,1.89923227385924e-07,0.149720228200132,22.7759222401198,1.08914202460969,12.8727929592133,1.76930696487422
78,53,10.6123287,0.17515635,10.3162937183447,0.15157741613161,36.4624721253874,1.01694887793103,12.0291042327881,3.03118764454635
31,33,0.0199245435722547,0.42306682,3.96694685936146e-07,0.15363708554983,21.9354286068958,1.01533657199176,11.6561896800995,1.88186956534741
0,0,0.00468558242927293,1.50974605,3.30579112028164e-29,0.156269578543857,62.0418794780781,1.01223332214003,9.90484738349915,6.26378954424234
26,20,0.04094386191141,0.352225739,0.00016014780886355,0.1572686603498,36.7307231658374,0.997427114339928,13.4029653072357,2.74049229583605
9,15,0.0262597810051773,0.44917891,6.14017683052443e-07,0.158715117190639,34.7250674691033,1.02064157211302,12.8891308307648,2.69413569658389
105,114,0.0119537690265799,0.155582324,0.00300820328491865,0.159081886697112,32.1277561414652,1.06980937029014,14.5686926841736,2.20526006265247
108,66,28.0423665,0.171498005,28.1658896176937,0.159521949454918,120.795648334416,1.01839679948525,15.3905227184296,7.84870342251389
28,14,0.0309734624347487,0.3916733715,0.000102554964914024,0.159547027903777,27.0913382974527,1.00098793989607,12.9570450782776,2.0908577637714
121,40,4.30689255,0.199012658,4.66659836476746,0.161071476009699,46.7968271270356,1.02787774884986,11.5679655075073,4.04538093553838
18,20,0.00818920387330833,0.325443411,2.12146117282107e-06,0.162900035716955,18.0445563300463,1.06535584702312,12.9371347427368,1.39478769363339
132,25,89.920834,0.194343615,91.0836580187824,0.163216582728462,147.957005068903,1.00600306923183,27.7546248435974,5.33089551390693
101,117,0.0196464163972972,0.1728618405,0.00158443337731297,0.166468984172654,13.4639426935682,1.02835426560454,14.4770345687866,0.93002076009387
134,115,0.0276848153450362,0.1829591855,0.00848189556862953,0.168317493006888,15.8994703058562,1.07978361058863,14.7362546920776,1.07893563446646
108,111,0.0666285670590275,0.170331279,0.0371955821911083,0.169334928791488,13.4208005476081,1.04889705296576,14.2902445793152,0.939158211961919
105,137,80.475731,0.161046795,80.6861245336334,0.170709637268313,182.582867818874,1.00358012051193,25.6090590953827,7.12962030892397
60,68,0.0153306978650466,0.278788818,6.97642117116509e-05,0.175720022492651,13.7161978281881,1.03278594588328,12.8752295970917,1.06531675608227
133,47,10.9852438,0.20705157,11.3756436168491,0.177462502828444,82.5478526210211,1.00171984471778,11.2924542427063,7.31000107211752
118,51,5.5418173,0.206876059,5.87781129209577,0.177748387089081,32.6583799575513,1.03622037456874,10.4994659423828,3.11048010791867
13,0,0.00629263604004145,1.403878315,4.52309575621719e-16,0.178997933862228,37.4053170927826,1.01625611481712,9.5883207321167,3.90113327847816
198,199,0.00166337891587605,0.0663622125,0.0272693234467013,0.182854301089685,8.28598544746005,1.14573582699023,15.2847402095795,0.542108359961979
55,41,0.0265750849871085,0.268105823,0.00239437776639911,0.183044814136803,47.8616880237168,1.09441575003107,13.2862110137939,3.60235796150054
117,85,0.142487622199848,0.1919601825,0.164513177348796,0.185068123342321,10.1214218637507,1.11123302281319,14.6694757938385,0.689964795333852
160,157,0.0326376652666291,0.1261321445,0.053790697591625,0.186004769326143,13.9948903875299,1.06873939502608,15.5823593139648,0.898123968620574
16,10,0.0148718967456011,0.843746155,1.402107794635e-09,0.186438501997852,11.9763213733276,1.01263429229994,9.13610911369324,1.31087766403506
8,38,9.0940802,0.22225891,7.6816596045922,0.18659041196679,98.424666671687,0.997717468169039,10.3690700531006,9.4921401984603
104,104,0.00635722078376535,0.189622223,0.000546424697140722,0.18783203169515,4.24063366373419,1.19624548818192,13.487859249115,0.314403760108368
25,22,0.0642465164980752,0.469031415,0.000223993669202873,0.188046091610487,14.6099404019209,1.38665501508269,13.796737909317,1.05894164968189
10,12,0.0257210290437225,0.582278775,6.22264629743619e-07,0.190503990109615,7.76124104244763,1.16472111328287,11.3907387256622,0.681364152876433
15,19,0.0159872213618837,0.671430249,3.6818877178404e-10,0.193874293466922,14.2943016906123,1.08184535192597,9.83322811126709,1.45367335414843
151,100,6.88126795,0.188909441,7.60501783111085,0.194684936255558,38.0297112268458,1.03214506967994,11.1866121292114,3.39957359632944
162,132,2.45516917,0.1817083075,3.16659762118287,0.195937932874673,52.3616980104146,1.00675725537758,12.829838514328,4.08124373131731
45,51,0.0324385626110435,0.347009624,0.00035865885949603,0.202951814991903,4.22744580495832,1.25541133932564,14.075532913208,0.300340017747494
190,165,6.111714535,0.1619342215,7.67347615354645,0.204653520774403,11.0586399580881,1.15667088131524,12.4522652626038,0.888082587776143
105,42,29.471526,0.23806988,29.5546698206191,0.205059585139521,98.4319505501993,1.02562524759824,14.2569363117218,6.90414464917475
113,92,0.340984803991881,0.2333844445,0.343026004103976,0.213587069833603,11.2601956186938,1.09766237367464,12.8698236942291,0.874930060133063
43,173,10.62706365,0.17359332,9.77241927408709,0.213935586198794,99.5161782927361,1.00474360958419,13.7151570320129,7.2559270054621
80,74,0.0273448171021518,0.4001160965,0.000222600206065463,0.217842926334342,3.23262410488949,1.33036968823667,11.8713669776917,0.272304285678654
99,95,0.229273986007981,0.2639091375,0.150861701275155,0.218337206160684,21.8861179797315,1.02379276500355,12.7832655906677,1.71209131379616
63,65,1.40472897,0.260643854,1.0979559501686,0.220461192290388,20.7599028343617,1.05015532385487,13.2505991458893,1.56671427501465
66,80,0.0197478337500064,0.313415886,0.000478024276948095,0.222658207577823,16.2890658565093,1.01198001069316,12.7681484222412,1.27575787168442
151,129,0.106277061278193,0.207666057,0.164348412574148,0.222883690780152,23.3368090833364,1.03892695513731,14.8517642021179,1.57131562053809
121,98,29.639766,0.23002375,30.1544999682127,0.228320599575883,102.433946554051,1.00744778658366,14.094181060791,7.26781826572491
18,56,81.169517,0.25794181,79.215038857672,0.228493699147804,158.839186568538,1.00594228643722,24.1445906162262,6.57866555259758
9,10,0.0534623195827285,1.12106269,5.81828034645029e-09,0.228539022320247,9.2785462275393,1.17811263038529,9.66871452331543,0.959646311323468
200,200,0.0442136223505229,0.0657154456,0.602300460855737,0.230632219833707,14.7571868722542,1.01010167832611,17.7664179801941,0.830622519897114
163,47,8.0367855,0.270082255,8.66562972029506,0.230955056224251,82.8721306445677,1.05262508018817,9.91875910758972,8.35509056583045
11,1,0.00677906866789548,1.69161952,3.32438835176425e-15,0.23179987922442,22.9736165905183,1.16280518372619,10.6270730495453,2.16180094776909
0,0,0.4311079725,1.34136443,0.00309782111515679,0.235520794665732,38.034671702413,1.01526748219478,12.3374676704407,3.0828588749651
101,82,0.175477073863396,0.3479811745,0.0810437512845861,0.237285318351811,27.2891227323961,1.02960151278973,13.5220160484314,2.01812530281398
100,97,3.326323545,0.2445267615,3.44765042953259,0.239491795798585,46.5312524992136,1.10118978715719,10.5269093513489,4.42021973840321
18,40,0.0382088094918558,0.671222905,3.1034651146463e-07,0.241034453423213,10.4738754509355,1.06381439265226,11.0122625827789,0.951110216651994
38,1,0.00823342655232025,1.483071025,2.05204399706483e-10,0.242772307451001,25.5387925630662,1.05332188467558,10.484218120575,2.43592724506057
41,5,0.00356870966292487,1.29440268,2.40305765834278e-11,0.246150372386164,37.3628825309526,1.09089032993257,9.64993596076965,3.87182699272261
15,3,0.00360556955822479,1.281470805,4.00537654556434e-13,0.249760223571651,61.5947760297132,1.00793808039307,10.2850611209869,5.98876130196518
33,36,0.0159479566749649,0.613350594,7.98046993927126e-07,0.250922400508745,24.4265994658544,1.0002411034917,10.7748703956604,2.26699705601027
126,148,0.040314494918017,0.202384198,0.00872024245082488,0.251221224354954,2.9932203396695,1.27391168413052,13.1145560741425,0.228236497121785
16,11,25.955777,0.312432555,24.5017660487568,0.252080571588125,104.471676429144,1.00668273229497,12.2293028831482,8.5427335823945
64,69,0.00677256664297739,0.455984846,5.7687459163186e-07,0.252114372173375,20.7512713733578,1.00165065597442,9.58624386787415,2.16469262198726
87,79,0.0637521338686951,0.4467131545,0.0101930962101157,0.257150177667923,1.56241778003531,1.78697652704842,12.6949226856232,0.123074225714248
159,123,0.104597623284395,0.259247429,0.170716444359135,0.257705170319473,21.0489148121961,0.997863975872616,13.2692203521729,1.58629627465259
200,200,0.158435040776463,0.089743897,0.870619519407208,0.260629854745639,10.5593475073546,1.04200870101114,16.3491363525391,0.645865768054147
93,29,160.10772,0.30808709,159.828240246493,0.261233430380651,131.452563901305,0.998530458888678,35.9798238277435,3.65350771395228
140,121,3.388841,0.25993738,3.79166997741457,0.267245390211721,55.5343339742488,1.01423185172498,9.76494264602661,5.68711317488853
133,108,0.121981601239727,0.2390550725,0.160406331853682,0.267293567473555,22.6389491667208,1.0542225454574,14.3021190166473,1.58290873823449
45,48,0.8006018987,0.384601035,0.450019578931447,0.268009780351894,48.1872013596826,1.00396206201144,10.5337934494019,4.57453448191723
40,43,0.830388111,0.377883365,0.499559756666717,0.270295961958899,8.04168490645004,1.16435590585683,10.6721594333649,0.753519937240531
87,85,77.009637,0.28198409,76.9636833796262,0.274638841793228,122.451439886125,0.996891526729253,22.4150323867798,5.4629160365767
146,89,1.59662976,0.299050421,1.96051409650136,0.274809642799603,50.7122175909197,1.00134557326254,9.22577738761902,5.49679614630366
100,112,0.0155282215868793,0.281905277,0.00174164699226379,0.276712767709904,9.38259105543515,1.12559903320495,12.6088871955872,0.744125227698036
46,59,0.00906999991908644,0.45058382,2.31372132117951e-05,0.278921112958146,21.8373538571686,1.05129714286557,10.630279302597,2.0542596516569
163,166,0.038200011597015,0.174285978,0.0450085754438304,0.283958975976667,15.1403860875848,1.00842956988181,14.4428353309631,1.04829735579178
150,129,0.0234251867624654,0.27837821,0.0223128220880182,0.284066651009357,9.02929362536072,1.13213835380654,11.9766848087311,0.753905923847834
128,85,14.2407685,0.29525562,14.4661467432033,0.284115244040707,177.162218578119,1.00298638903325,10.1014730930328,17.5382557520557
66,57,0.0441181737703815,0.46693427,0.00481068106549663,0.286446602577212,4.71733589747528,1.1857707296672,12.4652988910675,0.378437447725836
175,180,0.00634671172051961,0.1492031635,0.0207926190513391,0.28904161061187,17.6251095047181,1.03670549322333,13.358172416687,1.31942521438792
15,2,0.00894468406588973,1.6047306,1.57205670999867e-14,0.292009571653868,50.546939591762,1.08803292125189,10.3037812709808,4.90566892506932
68,3,0.00183958543110652,1.53769393,2.09180216547037e-08,0.295698281755076,59.4797148919201,1.01473567769012,9.13801646232605,6.50904002385434
191,61,7.8289906,0.333059335,8.72314241532989,0.29680222207589,113.069927584452,0.998119632989685,9.241943359375,12.2344320006846
64,64,0.178361926578458,0.4876419435,0.035072967821828,0.296919048254478,2.95304299907289,1.29280519772874,12.7882595062256,0.230918288578308
108,106,0.3359629748138,0.389215131,0.253249705054575,0.297556001341284,3.10890985297338,1.30273039378951,10.4526717662811,0.297427291556432
119,94,0.32629310032966,0.319672232,0.407160005506311,0.302770464185399,20.6964668212693,1.04798431887693,10.8897907733917,1.90053851831932
28,12,0.00193206883663223,1.46857212,1.03310773791672e-12,0.303623190913337,31.4742400005881,1.0335938164217,10.278951883316,3.0620086909517
27,33,0.0454185100965225,0.99406177,5.72957318104331e-07,0.304712436189448,6.80225341622967,1.14457779707098,9.20523238182068,0.738955100108431
23,27,0.3455804548392,0.647760253,0.0576395147333303,0.306039838437048,26.374418201338,1.01645317176806,10.9649200439453,2.40534523695881
118,128,0.0547941240440139,0.2140427625,0.0413824256908343,0.306921172130706,8.78828139146933,1.10162411780784,13.7871379852295,0.637426085158823
167,181,6.66784855,0.242529345,7.40975909826238,0.308640872516047,99.7487207182468,1.00744134118718,10.4590382575989,9.53708345466426
129,113,31.337023,0.307685135,31.6762939843436,0.31321564106704,118.720423500805,0.998016311028214,13.2017061710358,8.99280910836164
38,25,0.0535133866638983,0.9395859705,9.2135243897131e-05,0.316319249998556,14.3758667860112,1.06985007994894,9.67617774009705,1.48569684974255
145,18,31.569136,0.393256875,32.1260650892032,0.318990768844475,136.349263936887,1.00103326658366,13.2726118564606,10.2729790798876
46,13,0.00349809146294815,1.297319825,3.03269768881507e-09,0.321554267424466,33.2572404940577,1.03957799859861,10.3011536598206,3.22849669001414
2,3,0.00635773164203278,1.713021655,1.255955949583e-20,0.328489892788776,48.3884984697469,1.00209081208934,11.1217436790466,4.3508014450028
69,122,0.68010010075,0.293488698,0.498527218297118,0.330529358079431,25.9491011499448,1.07106060261155,11.8798155784607,2.18430168200533
81,59,0.141722941600252,0.526646406,0.0662556140558609,0.33197489536444,17.8995274544556,1.04618470857938,12.6721918582916,1.41250445500031
69,59,0.0146563441045218,0.55679407,0.000253802447259594,0.333634407845118,28.6172750743442,1.00029125628257,10.4458274841309,2.7395890960117
109,5,0.00380690405432785,1.642495905,1.25769614449537e-05,0.333777911638958,57.391413596087,1.03198360660207,9.53457760810852,6.01929272118772
30,168,79.327828,0.293450375,77.4564760228827,0.334259035837502,197.912366377973,1.01056756864158,24.2016413211823,8.17764232398372
20,31,0.170628978982763,0.8640926315,0.00278833746127308,0.335905787028711,18.5194660575711,1.05992536037437,13.5719523429871,1.36453957319858
41,50,0.175262141859398,0.589609085,0.00980940049186329,0.338791071055544,18.7924215266442,1.07065086595014,12.3407008647919,1.52280018230238
55,142,3.6794565,0.302499335,3.39019070771971,0.338987374328827,53.4148869805922,0.996979588781085,9.58794784545898,5.57104479931964
6,5,3.58538535,0.488479055,2.93050412435145,0.343029589364821,69.993947138027,1.02330595344435,7.54261374473572,9.27980001453455
23,37,0.0351896814961861,0.699659365,7.28003269914223e-05,0.343433331027116,6.51084823322683,1.15946495739814,11.145126581192,0.584187912608747
24,24,0.3056362131014,1.468974555,0.00857776374417842,0.348558756169801,19.1749438435999,1.02629501517018,12.1203727722168,1.58204241766839
26,34,12.960345,0.422325125,12.25190720672,0.352755925731459,126.654322818052,1.00753618891582,8.95152735710144,14.1489064117728
163,162,0.0145422700641311,0.2452320315,0.0144012888661848,0.359904164329415,26.8847775439741,1.0218830238383,12.3450057506561,2.17778574485842
79,58,44.8102915,0.39789699,44.5645334120332,0.360808047832371,144.777615018954,1.00405586263034,15.7906732559204,9.16855238991617
70,64,0.102778232045844,0.75013205,0.00487754333256563,0.364148707856133,9.05702470467773,1.14568602336915,12.0948297977448,0.74883440743966
120,117,0.00863338811607571,0.345621772,0.00356259928903262,0.367516777940381,26.9670801708611,1.02369035173241,13.3514499664307,2.01978663281247
138,150,0.115659503952931,0.2581304585,0.137155047391181,0.367678463203419,7.93134619618228,1.16114118325663,14.8517236709595,0.53403540032804
120,106,0.0181087233991001,0.3438161855,0.0154862645522226,0.37094597203472,10.9998593485379,1.09642887021943,12.02357172966,0.914857880491802
12,16,0.408761726,0.69811771,0.122330341827474,0.37609998835068,39.6082438542797,1.04184513099162,10.3806257247925,3.81559309663595
25,44,14.7391985,0.42901994,13.9682690837351,0.376575315198171,148.5660415694,1.00129868803674,9.30588316917419,15.9647439010976
158,156,0.089427896035436,0.2756679525,0.186683069009629,0.382204137401316,18.0305234184568,1.05443033533072,12.5112555027008,1.44114420927336
11,12,0.377862464211,0.805586345,0.0708075883134795,0.383301395600586,26.6807580938287,1.06384070205864,10.9425992965698,2.43824683429579
86,80,0.0410129375879967,0.6118672825,0.00244150266178332,0.383523341525624,6.1975444079016,1.15522327947554,12.1617362499237,0.509593719230712
20,3,0.00571072154444304,1.55643721,9.41652601584691e-11,0.388940342351385,25.9513143420106,1.0759492973612,9.89402341842651,2.62292833203519
1,11,0.00831654573359598,1.56147921,5.64277034191544e-23,0.390540903570193,42.1682264454,1.01250269865549,10.2690963745117,4.10632298184124
58,45,0.0142919150025391,0.904570145,1.0420563002287e-05,0.398971947196044,9.12459392000932,1.15015412105527,9.15571737289429,0.996600653819097
17,29,0.0455476820870128,1.28796491,1.86580343117577e-07,0.404396866486511,1.77070304576089,1.71206520701259,9.18750524520874,0.192729473181451
183,191,6.3226894,0.311485665,7.14909938099361,0.404901512461333,98.8985899787355,1.00573341472201,9.29998230934143,10.63427721571
97,67,100.064724,0.44289129,99.9428772595141,0.410788041601702,153.880525619177,1.00489159944468,25.4760966300964,6.04019241461773
127,134,0.0162253750887352,0.3326063865,0.00778798885730019,0.412856328084053,8.35588502477734,1.09336620776065,12.7719004154205,0.654239757044192
6,4,0.0158660240355446,2.24335693,1.84476697720827e-18,0.413411700087904,31.9201949571594,1.06187886933477,10.6533191204071,2.99626760415111
112,110,0.076429997624629,0.5212972715,0.0215219554447833,0.414846315360579,17.3475258618274,1.03854048183559,12.5553827285767,1.38168037063048
1,16,0.00311693799903499,1.425172305,4.39290379602027e-18,0.416298227488533,25.8933062901176,1.03145164044408,10.710221529007,2.41762565041158
55,4,0.00298556989402532,1.62213627,2.78405050346406e-09,0.416997421758534,31.3293291278922,1.02524563682997,10.7685108184814,2.90934648773564
84,26,0.00475555803237556,1.469185355,6.10778414644472e-08,0.419344292031252,53.2819599285694,1.00461397845166,9.79383277893066,5.44035834910252
103,50,21.2438505,0.47025319,21.2584897762513,0.419351276866218,78.1750781469919,1.03922874588426,10.5951926708221,7.37835361524632
91,88,0.0639099527825882,0.6481201285,0.00534726400009366,0.421612666393494,13.3798046882426,1.17817801377131,12.1897351741791,1.09762882433938
89,157,12.506778,0.386785005,12.4216100988662,0.437541384107796,108.781222021984,1.00957791620876,9.38622879981995,11.5894492177807
20,8,0.08031370921037,1.63763922,4.0232745481008e-05,0.440235836410857,8.5380867942374,1.01104425497183,9.25487232208252,0.922550468239866
27,28,0.6391946653084,1.0947175915,0.225823110166517,0.448055773472808,20.3380115655373,1.18851158045089,7.84123396873474,2.59372589143887
103,9,0.00600750254425929,1.79296559,1.55221784349572e-05,0.451491675432859,34.8441816486569,1.10167509261862,9.0482861995697,3.85091506613859
43,22,0.00623631045644559,1.58828408,3.59278464961994e-10,0.451799519792001,21.7135835255159,1.062199678505,9.54092073440552,2.27583732534477
138,121,0.0389941138512063,0.562178769,0.0132829382180161,0.456715607596135,18.9263100228594,1.0837431772424,10.58478307724,1.78806782196188
85,14,0.00290981358905567,1.656611455,7.25341704017989e-07,0.474765752359489,42.431432489526,1.02069704978639,10.5543351173401,4.02028474724228
109,94,0.062638523508052,0.58825661,0.0302110370441571,0.475412426550857,6.65301031259669,1.12823361736138,11.836056470871,0.562096871451233
192,67,103.979425,0.51449142,106.065429425175,0.479850388534783,170.150443876665,1.01383122020588,25.337828874588,6.71527322719088
78,7,0.0106748890460152,1.80945178,1.55188487929857e-05,0.480716451760578,52.8527247394666,1.05289301329797,10.1503694057465,5.20697549288649
178,78,15.444987,0.51427324,16.1425830330388,0.485941668564567,134.196987774821,1.0189405144181,8.79177570343018,15.2639230459966
0,11,83.5339235,0.643176825,80.8277448492127,0.490760441115393,213.344462459997,1.03876985102004,22.2450320720673,9.59065654609193
85,12,0.00713140445466027,1.68875758,1.81557223192828e-06,0.501966612690852,48.1972181893087,1.07964723320545,8.84558391571045,5.4487322316514
28,5,36.206681,0.68673172,35.3803859119148,0.502302979905731,157.159960325676,1.01054039357084,12.643477678299,12.4301212312355
77,0,7.77821185,0.799906945,7.70048332510583,0.506817318500473,136.793648407913,0.995479405148731,7.03177809715271,19.4536355553232
20,35,0.0045546872650679,1.271968925,4.92835357509926e-13,0.509523428731588,49.1114723559417,1.00082594469289,10.6019532680511,4.63230417209426
139,147,0.0055246000558169,0.412163385,0.00177945897456408,0.516271542486575,52.9059764282374,1.04713659092837,9.84165644645691,5.3757186827309
131,117,38.38123,0.508124475,38.7265921165619,0.516834449231373,128.320758459751,1.0337773978307,13.5620894432068,9.46172483208524
43,53,0.81604372,0.63685904,0.621900171358781,0.52031855685686,14.2877452240779,1.09687513542554,8.4598023891449,1.68889822325058
120,128,0.0257445803705324,0.5354571615,0.00339689355654156,0.520401494426005,22.4400523035454,1.03234134483666,10.6428575515747,2.10846120929479
198,139,11.958153,0.48932071,13.1283613163659,0.526288425278018,141.127229723736,1.01263537098248,8.56545639038086,16.4763234195232
44,84,2.156393255,0.544302385,1.88719921206415,0.526779837377021,49.9233801136686,1.02379972323093,6.93302440643311,7.20080836111656
116,126,0.014479564860207,0.5076371405,0.00170587369106969,0.534875401822465,22.4321192131729,1.0263176389638,10.529009103775,2.13050620358284
66,52,0.0448261815636048,1.0958724035,0.00162567418507495,0.536392728000981,2.74473667997377,1.31426335209691,8.52792024612427,0.321852995895592
128,31,0.00717415066384505,1.51131687,6.27844127392139e-05,0.538710031010335,35.5158453350411,1.01769125685421,11.0278291702271,3.22056542469181
35,20,0.0202699004064186,1.72856893,2.07559853384269e-10,0.540133937859008,20.6026053423944,1.2800510273464,9.37036895751953,2.1986973443411
21,24,0.00312158338754045,1.608988775,1.02423315118491e-15,0.540262424519674,33.4852148573378,1.03325249490089,9.86512470245361,3.3943022381673
191,185,0.6970781575,0.3706716725,1.16885227054972,0.545721670957326,43.4973480360098,1.0189812417135,11.913646697998,3.65105237200958
126,159,97.1348985,0.50800077,97.5345255043062,0.563218265399212,170.747997279714,1.03788439625106,27.7429223060608,6.15465073924142
191,195,0.2564112881384,0.2654222195,0.76172187546813,0.569101385790662,40.5489646356372,0.998931076896655,12.9464888572693,3.13204337351045
139,34,0.00226908238404803,1.6845895,2.53926499002127e-05,0.571815915164769,42.8294519241903,1.07941836068759,10.1319794654846,4.22715542111906
174,166,43.9583355,0.51619607,44.9286222046893,0.57504026409089,129.58868814566,1.02096575583833,14.9135665893555,8.68931568912256
91,98,0.0152374153822851,0.785797145,9.9461731195368e-05,0.575826073503367,19.695261167989,1.00514557621607,8.92452931404114,2.20686833724688
136,149,1.081050865,0.46806745,1.28751982477037,0.577666220793219,25.9434211783417,1.0534911263265,8.17036414146423,3.17530782339064
178,80,10.66863475,0.60953847,11.1472643990233,0.577724140491308,162.166514630065,0.996121268196014,7.59023189544678,21.3651594396405
16,4,37.4737445,0.802820545,36.5522942220317,0.582429825129442,191.240621475798,1.01094894606837,12.8420848846436,14.8917113688044
24,35,0.00325690194275193,1.356811635,1.6257178470011e-11,0.586200091323603,37.9528896633819,1.11525113839699,9.06553554534912,4.18650276903418
62,25,0.00820030180208983,1.67169899,3.66484566821653e-10,0.586522292700945,13.5181868370316,1.1065661198164,10.1585359573364,1.3307219557823
169,171,0.064642710809541,0.3386030685,0.130033607057384,0.587736375162043,27.2190739487854,1.01795866416627,12.2770617008209,2.21706745572235
28,20,0.00433016772060451,1.744897915,1.48424277264164e-10,0.592780481910062,46.2085678414076,1.03304687854768,8.97677040100098,5.1475715404568
9,50,0.00455409633445166,1.275719715,1.55119352080562e-20,0.602047712215747,29.7687303436563,1.10043558829536,11.3470306396484,2.62348197418621
23,69,1.214515035,0.73881401,0.916252057488489,0.604234866034487,58.9257288491822,1.00615812834858,7.09098863601685,8.30994546372338
24,25,0.00824236798240065,1.596479675,1.87099090643683e-11,0.605871972005645,40.5994488835659,1.06364530899757,9.68799424171448,4.19069704942156
29,118,1.71173461,0.59854831,1.43176260438606,0.621075200983658,58.5824525044463,1.04013844686442,7.00636744499207,8.36131604064232
83,74,0.0228372034444828,0.920511625,0.000851181628125193,0.62134880661485,18.4962289482327,1.06885308669898,8.6696662902832,2.13344185680629
86,54,59.664794,0.692266295,59.5597552198895,0.62176776068564,185.621447308494,0.998068992000861,17.5309913158417,10.5881888801553
97,114,0.0172947034482662,0.7211751255,5.79385558027711e-05,0.6226137152626,13.3281441242636,1.03009961369879,9.038813829422,1.47454570652617
185,155,0.438788986435749,0.4073849735,0.964881584010455,0.623034121129471,11.0601236518298,1.11035662801113,12.3735673427582,0.893850847169223
101,115,0.00426391437770489,0.6066678335,5.53904419108191e-05,0.623099632345711,6.83711947050302,1.14604011564348,8.93257641792297,0.765414047484052
104,29,0.00415211141555602,1.452877935,1.00735689811667e-05,0.624242268655141,61.8289117704243,1.03358043894047,9.03535008430481,6.84300123332537
180,178,0.0777656987704508,0.3324562275,0.249819159377116,0.629776007932127,2.5919402568535,1.36248376775245,11.3399724960327,0.228566714580683
97,97,0.0285332651743829,0.7459350355,0.00228239564498001,0.632591916467217,14.4771331674764,1.01639134163354,9.62708377838135,1.50379216601256
91,184,68.4757625,0.536250625,68.2985304977696,0.633618873795742,135.295592448262,1.01930592914393,20.0732328891754,6.74009977342616
151,142,0.00943458626166356,0.51898308,0.0120471344387389,0.635680506534283,23.105559754969,1.07029737686181,10.558452129364,2.18834725695354
136,28,0.00176257350086341,1.64775498,5.09254514235583e-05,0.639015467694588,66.641278701777,1.04857886418878,10.4412281513214,6.38251341087141
140,136,11.1034465,0.602542425,11.2974804001519,0.640040749682601,171.090812530649,1.01620974590067,8.12312579154968,21.062189226299
191,191,0.21961677327987,0.224199118,0.81138777115315,0.641184724737086,7.89345798318354,1.07678695262543,12.3709096908569,0.638066090565468
130,116,0.0644897822134685,0.654497674,0.0682729440146348,0.647386406940576,1.75469328287072,1.6481701695901,11.838939666748,0.148213719493741
27,90,5.8137571,0.681703415,5.44051297637411,0.663246390359143,91.156291026335,1.0293280871217,6.98206758499146,13.0557732242929
194,195,0.0630532864713134,0.300311789,0.279792837325786,0.663849875125498,36.8814917549585,1.07344256245189,13.5489482879639,2.72209259132843
100,115,0.0821235111872427,0.5359354695,0.0702705986976545,0.664188246162935,8.44056252835148,1.15971260511288,12.2696194648743,0.687923741442455
85,44,0.00733633989290097,1.417254345,1.36302288298671e-06,0.664467332518333,17.778536842327,1.11913126379786,10.4506497383118,1.70118961858911
43,80,0.0401265997234348,1.197789925,1.33004520293737e-05,0.668350385222403,9.25898049667747,1.06067496041762,9.15493202209473,1.0113652918811
148,36,0.0059185616476431,1.548777215,0.000221206646106355,0.676569879655793,49.6196441189782,1.04598816974009,10.6711912155151,4.6498692710927
176,168,0.058997932833627,0.4515238545,0.137335971651242,0.685709924989976,2.7395669270145,1.40159398671702,11.9740283489227,0.22879242032703
115,50,0.00598484045322987,1.424563165,4.85467176830619e-05,0.686529398292909,19.8754457513577,1.04188439290071,9.98910760879517,1.98971184711814
174,114,4.0346964,0.673273465,4.32448971556026,0.693118128618118,34.1568186637572,1.07521414474372,6.39409971237183,5.34192774592923
145,184,4.85317155,0.567682045,5.0481897723674,0.694798140290064,65.1066210481198,1.01160891233201,6.88547301292419,9.45564973182135
90,179,38.2155455,0.58497346,38.1100248183116,0.700151194836354,202.352086411431,1.02661034256407,13.1838269233704,15.3485090169631
194,78,8.4353557,0.747296205,9.09793286268179,0.700621466124035,100.688304738432,1.02281519578951,7.222243309021,13.9414168742648
197,178,0.0150767193799203,0.414121205,0.0889395877770191,0.701423988202417,17.0780225348181,0.996694234437464,11.8487107753754,1.44134014734418
48,57,188.478045,0.76047374,187.455084177442,0.705403012728057,170.521043367167,1.04759469222988,41.0888996124268,4.15005135147486
12,57,1.66528015,0.86152285,1.28467107331794,0.706022924807682,51.6894236876923,1.0248745228013,5.74113059043884,9.0033527148424
196,30,68.813066,0.82373619,70.636515361227,0.706266043657899,149.545661647925,1.00257257136609,18.6730377674103,8.00864131003496
176,166,6.771246,0.62157623,7.19037638912003,0.706602152766196,68.8436033101398,1.0137654478211,6.77962899208069,10.1544794546363
75,107,0.369495036219775,0.7352944205,0.276821269295879,0.712091463318111,25.4118488459861,1.01111197605663,12.5464608669281,2.02541968731362
116,113,0.0671601019562185,0.7095534325,0.0358453505870565,0.714509294974162,21.8466844786845,1.01507117879643,11.9689733982086,1.82527638351626
12,42,0.00660151692549653,1.611660155,1.15936663481275e-14,0.714650085622961,12.069608798896,1.15936678329267,8.99731373786926,1.34146803707596
137,56,0.0022944278481085,1.388614811,0.000170228108370024,0.71570428675815,20.7770573720402,1.08251056219357,9.24314904212952,2.24783320893563
178,186,0.197227055995546,0.3390305175,0.541912750626596,0.717050957912486,19.2219512406308,1.07397289060368,13.5862040519714,1.41481396621903
154,148,0.102320515615702,0.5219169575,0.182940821030608,0.717329631352789,21.8794802332229,1.08777504247291,13.3754119873047,1.63579860224043
130,151,0.0068637849216266,0.520142794,0.00125719135128931,0.718996593084119,14.1759082452827,1.01528946262433,9.55427050590515,1.48372481567494
68,35,0.00526110319423315,1.592378915,1.28726364545673e-07,0.722179307333884,10.9840742173748,1.18554190266984,10.5934295654297,1.03687612680411
117,196,10.08425,0.542283925,10.1749566771114,0.722186212948679,141.784373776955,1.01134379477944,8.30335712432861,17.0755480769977
37,50,0.00204865478511524,1.246931575,3.06962605310493e-11,0.724049966666715,39.855901985948,1.03326479205253,9.52411961555481,4.18473345513797
143,97,1.536522005,0.737031375,1.64464906824803,0.727170175910716,57.3959608252615,1.02576324170739,6.7571702003479,8.49408245219373
143,145,73.89802,0.674612885,74.6820047607322,0.728338819301192,207.585285200846,1.00038206409897,20.5533392429352,10.0998325745146
125,118,0.028623531968373,0.70236823,0.0216761624761882,0.729166572612526,20.3874510923716,1.02382070223009,10.6534395217896,1.9136966095009
13,36,0.00267256516456525,1.44711738,7.40876311290475e-12,0.729882915180539,49.9039315845563,1.02979570553002,9.4936888217926,5.25653752943773
99,44,0.00522217566172552,1.471346175,2.00338903769956e-05,0.734541343301745,29.2058121443407,1.08708651705051,9.46751260757446,3.08484533952187
135,64,0.00647060711808081,1.399125665,0.000225156114111917,0.744651264507661,37.4842089362615,1.0724257900106,10.4603407382965,3.58345964764107
0,31,0.00675415613313611,1.84633971,3.58306462864641e-19,0.755644645964853,22.9733140573923,1.12524466598597,10.0859799385071,2.27774734804726
181,182,0.0253766694786803,0.3271010825,0.0856473753078916,0.764280974017304,17.3536034771791,1.01706873392691,12.904837846756,1.3447362673791
14,32,0.0128080376052462,1.73208846,1.51931197156556e-15,0.768461987538857,31.2075998349706,1.09360309689528,9.70023250579834,3.21720121825082
33,36,0.00405119409487606,1.79403152,4.36339164757824e-13,0.770412823964614,37.6661367433381,1.04487145801921,9.63383102416992,3.90977760029619
87,49,0.00379905991859992,1.57060512,1.14644009238005e-06,0.783023554280596,41.3087093887828,1.00517485162417,10.5929501056671,3.89964164625708
47,48,0.0055871472666347,1.5406548,3.8072150743395e-10,0.785192790210675,23.3689330540538,1.09223205617746,10.3093154430389,2.26677835043189
2,15,26.368137,1.02006933,25.0297443619687,0.791767327617536,180.799997035809,1.00253376520785,10.3843748569489,17.4107733519293
138,38,0.00288057019928193,2.036427905,0.000102192072930415,0.803292603208329,21.5927382750232,1.15892258094254,10.372686624527,2.08169195278353
165,156,0.025318511001176,0.499345424,0.056048504979978,0.806578779741633,23.2443758458474,1.01140453925995,11.0640008449554,2.1009014886731
154,167,0.0367967614742217,0.4942008,0.0509460323357885,0.808586024888035,15.7573457557975,1.00654208959596,11.823858499527,1.33267374236827
190,168,0.0174189462658232,0.477989374,0.0942762546891709,0.819406011353619,7.61368893351074,1.16492835012227,10.2885508537292,0.740015677791108
112,179,6.2650117,0.68244521,6.33624977555369,0.820138406386203,32.6310241324366,1.0649301063151,6.84129405021667,4.76971518734868
149,136,0.535841517,0.69607592,0.742614021605351,0.820357865380525,36.6469347412849,1.0574586791482,10.8733687400818,3.37033863352722
200,198,0.00545523672880309,0.3875399865,0.0537358959716179,0.827281653373598,17.175143713278,1.01894164905778,10.5003530979156,1.63567296767261
61,80,0.0064336145103756,1.408461025,5.95647270789696e-08,0.832440869047414,27.9252832997353,1.12131577542688,11.2750797271729,2.47672601661837
125,44,0.00498595480004482,1.86615344,4.16863970436228e-05,0.837210139291068,62.7385990422261,1.05497603384482,11.0747187137604,5.66502867149783
135,118,0.0136566914659692,0.84535011,0.00921276778465335,0.840087711624744,26.1789248928087,1.04050771327725,8.57349538803101,3.05347162481194
59,47,0.00764477769985022,1.505231065,2.1071424975213e-07,0.845066426727829,51.580531337632,0.998557081884334,10.5803925991058,4.87510561205367
166,163,0.4514813485,0.63316117,0.700468013569017,0.845175646752047,37.1827279102469,0.99936932332645,10.4888563156128,3.54497447494823
43,32,2.5666463,1.08227264,2.41559224753385,0.850024646584972,55.6374869326378,1.0366338616016,5.33658051490784,10.4256811599138
9,49,0.00516144153604336,1.44252004,2.81249812869167e-15,0.85027209512195,44.6507048378681,1.01505692275105,9.84769511222839,4.53412746119882
142,17,63.1060785,1.064416655,63.6016289149896,0.855218177739459,160.69236741491,1.00309860010385,17.7472517490387,9.05449303854127
83,113,2.36436575,0.84978971,2.3128244269629,0.8638667503584,88.3082829906226,1.00833486409559,6.07000613212585,14.5483021052065
39,90,4.69161275,0.895869905,4.50339519067972,0.864048123788753,76.2802332725355,1.00894911786553,6.00253820419312,12.7079962971747
79,122,0.00605484667127093,1.106326945,1.23421859633807e-06,0.865567473694446,15.4034209772186,1.07779596426768,10.3725504875183,1.48501769123747
12,60,58.2957915,0.93027099,57.2198278232703,0.865962984411609,208.414593114945,1.00083133057696,16.7938940525055,12.4101409990646
175,91,0.00510075069679454,1.45345439,0.00240403041903967,0.87128226908043,39.5907919780007,1.05575125370104,10.2414119243622,3.86575525624767
141,135,0.0631609888084351,0.742655434,0.100454355082843,0.871366513724373,4.67754593158293,1.18562396026882,10.4521954059601,0.447518033284729
54,170,5.89766685,0.74632035,5.68767307193945,0.874141276087905,126.114248250957,1.0034886508156,6.5325083732605,19.3056389743302
90,99,0.0153916083677985,0.91843527,0.00237693516741538,0.883553693104197,20.0558602911513,1.03419282284656,8.56187868118286,2.34246022841105
163,143,0.633855812,0.78253813,0.88744013396867,0.900583285078407,28.7869164151432,1.04647736314248,9.223299741745,3.12110819567671
93,129,0.044344921812288,0.7981334635,0.010777059562375,0.904241435711383,25.1802965499432,1.01419799149171,10.8141634464264,2.32845533310893
56,81,0.00324557872715077,1.464388725,6.15480712126479e-09,0.907939617303321,26.135494489489,1.12591807392906,10.4719197750092,2.49576916659163
44,47,1.5689535,1.047178075,1.4501757231766,0.908813195094599,87.2479958069181,1.02464849884472,6.15159702301025,14.1829829685794
137,150,0.0223969541861275,0.63245542,0.0160579839199521,0.918578997355099,17.8512430485208,1.00135934358943,10.4392194747925,1.71001702681183
159,162,0.00401335459573147,0.57949466,0.00397301566532274,0.928899752810085,2.9242891897072,1.35840402607659,8.0018138885498,0.365453287271742
160,63,0.00383354957424793,1.524820225,0.00140680855716624,0.931942551408889,68.5663899720395,1.00701042611556,9.6885290145874,7.07706916796177
50,65,0.466183329,1.293295015,0.284683278553995,0.932281737694516,23.3419541623331,1.0796239200854,9.63073253631592,2.42369457092847
128,138,0.0491904966200578,0.82792517,0.01937334328413,0.941788848197919,13.4460643533124,1.13615461913589,10.0956835746765,1.331862696949
171,7,17.4435775,1.25615083,17.8319091649812,0.943624940309185,145.516283447126,1.00825571867063,8.81350588798523,16.5106014900946
156,88,0.00532673738545247,1.407291564,0.000149517318021446,0.948997316179637,41.3887900427846,1.03071448212345,8.86716270446777,4.66764752404178
189,171,0.00670759378536234,0.626255861,0.0314187487891506,0.955931908192512,14.7406889667531,1.08368723174437,8.858078956604,1.6640954589554
128,63,0.00567435492850567,2.03484027,0.0001495750397316,0.956370314628828,26.6018704569788,1.03408243203072,9.73595786094666,2.73233212765695
83,104,51.7804965,0.966390825,51.6657790476202,0.966557591342434,150.163244501297,1.02032510583066,15.1539711952209,9.90916787202639
98,114,0.86714169,0.945646295,0.883300501923592,0.967124210480941,65.557880515781,1.02543009262568,7.33174991607666,8.94164166347645
165,72,0.00936680502669783,1.45604586,0.00100749522510004,0.972657854895597,38.481095876332,1.01167066379424,8.96454834938049,4.29258612666095
169,68,0.00795370534147709,1.623101665,0.00624461465528914,0.974174354761283,29.296046264567,1.06324813717194,10.4985625743866,2.79048165470202
3,125,7.0002413,0.94016248,6.5257812087637,0.987350208135856,117.519280745971,1.02521023091622,6.50428628921509,18.0679747969939
146,87,0.00475531941759706,1.44688004,0.000515567359691475,0.989420462130521,42.8382552674437,1.00645847166502,10.5237390995026,4.07063068196631
73,71,0.0105010035167579,1.513694725,9.56597445241385e-07,0.996526732538311,43.6359552723009,1.03715548071073,10.5275866985321,4.1449153088794
55,66,0.00289548850619497,1.44834057,5.96343030009697e-08,0.996867154155441,37.5248121808182,1.12851193845741,9.59180855751038,3.91217276239697
108,81,0.00603676665952556,1.538358105,2.27013529774552e-06,1.00618599842253,41.9436360155427,1.0555763959353,9.57504463195801,4.38051597958615
87,97,0.00367659338022395,1.41278042,5.9507850757628e-08,1.00855600835018,25.4715346699692,1.05691008165246,10.0406391620636,2.53684394577269
186,69,15.567293,1.081651565,16.1849234722942,1.01124570035476,80.4246367949634,1.01544416749557,8.3204984664917,9.66584359324737
200,200,0.0978210668646725,0.3595260285,0.569900259828078,1.01532108755644,3.5659406505709,1.27368145847919,12.1916165351868,0.292491208223214
184,89,9.1627259,1.03911641,9.64437027432099,1.01651507222613,116.446214497503,1.03603090814103,6.72549343109131,17.314151844857
87,66,0.0194579344604251,2.08269718,6.6731999508783e-06,1.01756111794551,32.1566595844513,1.02803688262162,8.94431376457214,3.59520701429569
27,94,50.47192,1.037066415,49.6667839810573,1.01985106713459,110.163355313719,1.02319314820603,15.22407579422,7.23612761804193
4,56,0.00169236281590597,1.63481117,1.37914248458213e-17,1.02557027993977,47.7688567088411,1.00497739780309,11.4411163330078,4.17519194093213
44,81,0.00575963950937615,1.5537261,7.15713903895283e-09,1.0310851377022,13.1295729974817,1.13883215656878,10.2608399391174,1.27958072393545
129,65,0.00726316006664867,1.894593855,0.000452898205847385,1.03121067338291,16.0276603252561,1.10781280174135,10.8560562133789,1.47637963641932
55,192,5.27088225,0.84426681,5.14293504929261,1.03373416525316,139.830087884395,1.00578101124823,6.38390684127808,21.9035288830124
19,86,0.00447963479826335,1.32538281,8.06409258979338e-13,1.03941006823649,50.6525500415047,1.03280934256075,10.1751480102539,4.97806518297917
175,87,0.0062284322032042,1.53427309,0.00684864082175977,1.06267422038285,21.1130922292672,1.06488412511103,10.9226393699646,1.93296615535295
160,151,0.5484409161,0.874658365,0.73706278647458,1.06312273841273,26.2737053180139,1.05519185219206,9.89615392684937,2.6549410520718
82,138,1.211361275,0.965136045,1.18945082524894,1.08089086714826,51.5978919365356,0.998029481845339,6.84451532363892,7.53857497525528
155,87,0.00200437258063587,1.46154174,0.00122737315476849,1.0958787309448,45.2214154480402,1.02888343734262,8.78893446922302,5.14526710904445
69,80,18.026315,1.159745905,17.8852051059623,1.09947878579596,111.999331464862,1.02090266467606,8.71933674812317,12.8449370290659
111,72,0.00549054767864583,1.640930145,1.36420357255082e-05,1.10066201042127,12.4486820111414,1.20148313220865,10.2356505393982,1.21620818952592
91,179,2.1229475,0.87753362,2.11722850461475,1.10254467872403,74.4083177645663,1.00300801365014,5.62040638923645,13.2389568674366
63,64,5.6923632,1.188636645,5.55824759754429,1.10801703788638,165.773714853646,1.01816723318607,6.18311285972595,26.8107211714382
145,163,0.00757274305179852,0.7009467115,0.00484391538609065,1.11102350374114,17.4689728601953,1.06410783043394,8.14446926116943,2.14488781282318
26,87,0.00480685850932321,1.520173515,5.48122120205275e-12,1.11401683344208,45.566976772905,1.00718706011538,8.62439632415771,5.28349754118648
151,73,0.00639938151834053,1.59370307,0.00144988903193257,1.11853985175383,41.1736381090286,1.00149982786424,8.79669094085693,4.68058254926229
87,119,2.73978855,1.068864105,2.7387412188154,1.11972252673563,117.813220133793,1.01466134655173,5.76011490821838,20.4532760215773
110,94,0.00335039571644723,1.45722474,1.85529120191821e-06,1.12547955556409,38.5368346485273,1.02318581618607,10.4602148532867,3.68413413959833
195,156,0.0317595116507127,0.685293925,0.124430085412745,1.1313200126177,8.22653083007576,1.21390273435094,9.69431090354919,0.848593666112352
99,91,0.00661601678740067,1.54288845,8.05938132841967e-06,1.13474388885021,32.1564839888879,1.10769762640145,11.0255918502808,2.91653132326579
129,135,0.0351068826371602,0.907728324,0.0268957145741199,1.13963801657589,18.0412380709217,1.00455081754598,10.7397179603577,1.67986143933345
40,117,0.00556265570904051,1.184271225,6.62592842449535e-11,1.17990984097943,44.8344911625533,1.08082883867494,9.32219243049622,4.80943635274935
86,4,54.8541815,1.60848045,54.7569369227506,1.18816442324841,126.404606456778,1.02568630309539,15.8142557144165,7.99307970855343
32,148,27.0564595,1.108101095,26.6287924399651,1.19851122736627,191.920052514459,1.00200754022491,10.3551938533783,18.5336996324648
10,10,46.970616,1.5033233,46.1026155278293,1.20798614724088,189.676402537648,0.999796781524523,14.221253156662,13.3375308383983
192,193,2.12743655,0.886045625,2.48264956929097,1.20877645709061,58.4489314353558,1.01485274207024,6.15307855606079,9.49913622958439
8,119,0.00309172655310673,1.25997432,1.42459587564886e-19,1.21148643567551,31.5392927017913,1.200436870498,11.0456080436707,2.85536953485
169,155,0.0532101647690908,0.7298663235,0.156050793576301,1.21689086711207,11.397774623993,1.22800817942699,10.0745530128479,1.13134295977774
170,99,0.00504779575694355,1.425427225,0.00116479778957155,1.22697844283616,53.1950957558214,0.997770061153582,9.30864381790161,5.71459138371167
144,15,57.6084235,1.49383425,57.8902747022389,1.23433240178847,114.62730202885,1.0062876424411,16.2466285228729,7.05545165062836
122,78,1.69211535,1.31111862,1.72984479483481,1.23611461656199,63.5078617923035,0.99714192445787,5.61082649230957,11.3188069314476
55,68,4.24654405,1.35474072,4.13130828212002,1.24463151405881,142.635642163851,1.00086468582385,5.70884823799133,24.9850120755772
127,106,0.00536498948523546,1.40180338,6.06903546278447e-05,1.24957791143258,40.5179837978402,1.00968188444132,9.52782201766968,4.25259662939738
115,111,0.247574977998105,1.27895436,0.277890654753889,1.25377090304956,17.6171373994869,1.07183212238208,12.4682922363281,1.41295512373033
156,159,0.0330160903968011,0.728887676,0.0479006002700531,1.26429004225572,22.6914318163084,1.01483289401754,10.032243013382,2.26185029469884
190,196,0.00884669152883974,0.4537059885,0.062100459730374,1.26500723657736,21.8491688450317,1.01693793782113,9.60163307189941,2.27556798738503
86,109,0.00388574387587996,1.52307046,1.44908159468662e-06,1.27043550339941,38.8709377720693,1.01812515138346,10.339807510376,3.7593482986083
21,36,1.08834405,1.630117855,0.932056453948123,1.27626551542143,38.2353933682691,1.04585607192031,5.64090633392334,6.77823581971725
14,20,4.88170545,1.57737725,4.63647162123652,1.29957017253308,111.694700678873,1.00815751693985,5.23137402534485,21.3509300114534
181,93,0.00947616447846422,1.62939198,0.0259222754588114,1.30699990904843,28.1148929702007,1.01860992075547,9.84089350700378,2.85694514935979
134,144,0.1988497632206,0.88298836,0.296808572349323,1.31171226587509,7.8085105790873,1.34899832481217,11.8022246360779,0.661613451689242
16,105,0.00553612285990277,1.50990267,5.43830975662962e-12,1.32018931258209,31.1951174103041,1.0680521248388,9.49365377426147,3.28589162318917
185,96,8.83379905,1.357583725,9.13764290279631,1.32222952913405,139.156090161735,1.01293886746457,6.7647876739502,20.5706515664337
157,131,0.433211855470591,1.103927399,0.650088996083755,1.34470776781876,17.3833637759714,1.04420732711434,10.2324991226196,1.6988385308086
5,78,0.00740293448171875,1.81453174,1.30222385340817e-19,1.36539056493904,35.914956873289,1.01775977789057,10.0140838623047,3.58644458815461
107,100,0.00806108337044111,1.70492425,1.57338102286779e-05,1.36790402353099,20.6802869523641,1.0659306229213,9.55092287063599,2.16526583163445
185,111,0.0028407258828241,1.60898828,0.00308378798420164,1.38124306999051,29.6834172008033,1.07152681070626,9.66210865974426,3.07214690355066
199,101,0.00188741459631881,1.61965128,0.0559611457108976,1.38736204674427,40.3517271797437,1.00319118586371,9.98289251327515,4.04208771416544
200,124,44.1651185,1.35365828,45.4920315384832,1.41357405015787,186.978228836483,0.995593255854498,14.1477606296539,13.2161006770622
193,110,0.00658748461545875,1.54686978,0.0509733825221044,1.42574661752939,25.3143544764273,1.13121718930354,10.3452825546265,2.44694664865452
48,83,0.0141019428326623,1.98248243,3.94657744684934e-08,1.42758522719879,29.5092352512949,1.02982370423225,8.73038268089294,3.38006205797575
0,2,2.08719145,2.270929,1.77420781242199,1.44011308546606,44.7439188370468,1.06890651088622,4.10164022445679,10.9087868239279
1,121,0.00384708956102952,1.512195495,1.72018277710384e-22,1.45416915632134,45.5202684972481,1.0815157120743,8.89641332626343,5.11669892437057
12,162,20.411229,1.27334097,19.7074938581223,1.454304093619,154.756281687245,1.00403921530345,9.51050400733948,16.2721430502333
2,95,0.019949371434594,1.788011645,6.99137837918538e-15,1.47601797022804,19.6762439896638,1.10460980619864,11.1589369773865,1.76327225698448
120,107,0.00649738804508801,1.72054746,0.000101374892471521,1.48825227897245,45.0540049770256,1.02076003281808,9.85352325439453,4.57237516103005
153,186,0.0116236405225013,0.7088802525,0.00962140528577115,1.49158878117178,32.3077796165671,1.02516257470757,8.72389483451843,3.70336646984013
113,141,8.76718095,1.36888628,8.82022609577683,1.49998474791053,111.034822930239,1.07423485490613,6.69934988021851,16.5739698501339
106,66,47.1123885,1.64971075,47.1252967383171,1.51669492586524,193.453508808339,1.00172922254212,14.0130927562714,13.8051971947279
164,123,0.0032582797259483,1.49567582,0.001091988143528,1.51989931780882,47.2959937930355,0.999556799740489,9.31760907173157,5.07597962405672
115,139,0.00548360414406947,1.18173126,1.03996448372924e-05,1.54803794662166,30.7185177567128,1.01337391463966,9.57248497009277,3.20904319543842
63,107,0.00395139026623991,1.815765025,3.64054450746781e-07,1.55695824832575,37.3983195642237,1.0715177312089,9.07309913635254,4.12189032679942
67,22,28.9375495,1.8428778,28.7644864292105,1.5578761747863,123.112000704492,1.02341777423018,11.0410354137421,11.1504035709606
187,53,1.463548615,1.719029895,1.66505950409565,1.56161688320904,19.8411518304343,1.11144601992474,4.88115334510803,4.0648491099587
35,58,9.83044655,1.70172725,9.60109041274204,1.57063318271641,77.8056850965405,1.02564287039388,6.81178498268127,11.4222168336726
184,200,0.035908532006979,0.721544581,0.12113630849494,1.57663238198284,10.133489941512,1.11397570632368,9.77685165405273,1.03647782538578
26,125,0.00236567494207914,1.47425511,2.79862235326921e-11,1.58588723737178,30.0339033089376,1.03051177472908,9.82942843437195,3.05550861980071
90,104,2.6194581,1.563990935,2.59068781028176,1.58617294534398,117.933315718444,1.03838431726403,5.31361985206604,22.1945338586066
127,152,0.756516945,1.34777909,0.826812632935916,1.61963008413492,31.6149556263696,1.03353018257514,6.63863682746887,4.76226617723016
178,139,0.00177053466836585,1.415984005,0.00302924525441151,1.63338312559971,56.2920110861179,1.01072506853379,9.65161228179932,5.83239457228006
180,190,0.0210524858466107,0.828623165,0.0646846287491768,1.64018543405911,28.4059567915935,1.00349501023465,10.0057730674744,2.83895673028328
200,200,0.0133321883235903,0.396803709,0.280792945440485,1.65679538559735,27.4756836370142,1.0065585386568,11.0541837215424,2.48554613611765
149,139,0.00249312815329131,1.48196677,2.30512794906626e-05,1.65900098250804,50.7874172323428,1.02732340665261,9.11563420295715,5.57146284082649
143,118,0.00925997427747122,1.863526335,0.000299223735070105,1.68537216036122,45.1807764823397,0.997801718558043,9.81137895584106,4.60493644019753
117,32,12.073776,1.94662155,12.1055013846103,1.68664259304315,125.121775254092,1.02500720185407,7.33071422576904,17.068156171504
185,127,0.00536057953132864,1.5602358,0.019219632891533,1.71676656052307,27.9257276920206,1.01284131218974,9.93080472946167,2.81203069164914
153,139,0.00358999456096807,1.4586977,0.000219198933941632,1.74349069330885,36.4803579139961,1.15110136601362,10.084125995636,3.61760235143664
200,200,0.00137546704308782,0.49303525,0.0716056340181964,1.76182700227237,26.9720701988491,1.01418829763668,8.73687744140625,3.08715217533231
69,23,1.17626116,2.2967715,1.14008955003936,1.76230250782761,86.8006274884261,1.01404243200924,4.41906571388245,19.6423029455622
200,200,0.580152248,0.848176065,1.18041019681012,1.78343944910335,37.7981438280436,0.997039670755679,9.73646450042725,3.88212208100641
19,139,0.00501891449249653,1.47779785,9.15926699814386e-16,1.78695377335823,32.5274511824993,1.02406222607111,10.7119538784027,3.03655631379077
200,200,0.00175210387757702,0.40463715,0.108280770075959,1.8026065249541,24.1246261873897,1.03529033795115,8.8452730178833,2.72740322866403
145,188,0.947522915,1.23458832,1.08943427645818,1.80620449342956,25.5714226819639,1.0158152531847,5.65719532966614,4.52015905264368
103,172,0.00227894131816659,1.168057135,3.01454543799246e-06,1.84851468723958,74.6205535924058,1.02184056533547,10.0881550312042,7.39684841892227
65,79,35.42478,1.995574,35.3204170322231,1.89928605201119,140.016619528086,1.00023915912439,11.8003284931183,11.8654848981315
55,142,0.0145016018559136,1.49751064,1.26821989529299e-07,1.90347929373589,32.1972735693831,1.03934525913815,10.2104067802429,3.15337814274791
80,158,0.00450644229849529,1.32812418,1.15504765012482e-07,1.91788712461723,38.749597041631,1.01434188275809,9.42002773284912,4.11353322310348
134,129,0.00566444802494742,1.684874715,3.90636623309268e-05,1.92382314409197,26.707733947396,1.00598643976206,10.076277256012,2.65055568329672
68,122,1.6054932,1.8807062,1.5627604091535,1.93940966006695,78.142277394456,1.00560166598503,4.76204919815063,16.4093805298784
35,190,5.53467895,1.58667235,5.36562918399983,1.9734523397394,129.364465911419,1.01277031598615,5.59458017349243,23.1231766995419
165,178,3.40448385,1.7137513,3.55877021701264,2.03000487230811,157.878486793669,1.03605002692632,5.08415865898132,31.0530212338618
142,157,0.00115755151417432,1.42511157,2.83948191807647e-05,2.07119387875808,25.3910483173985,1.09475426174439,10.471759557724,2.42471651277268
112,139,2.8868123,1.9360059,2.90656140922956,2.08301280573209,81.5630464604179,1.02142949634881,5.11999082565308,15.9303110567613
26,70,24.072185,2.18895325,23.7473722248266,2.08430827605262,155.034204744738,1.00750645797598,9.6385452747345,16.0848136648928
155,169,19.818294,1.8414526,20.0602075605808,2.09625137135075,122.033795914687,0.998721318430588,8.86852121353149,13.7603319625023
8,152,0.010605809472618,1.631668965,6.9138628416862e-19,2.13643011534568,24.9225533648242,1.01879557678613,10.0240836143494,2.48626750570474
155,152,0.00850958165210377,1.601263387,0.0026212693782667,2.15642039709456,39.8882517709821,1.00830919458629,10.4460470676422,3.81850201446444
169,152,0.00232917245406449,1.660552175,0.00257607810123459,2.17658210576245,50.3392875505192,1.05470193130431,9.41021752357483,5.34942868476816
67,154,0.00212509201245473,1.538869125,4.99196741294651e-11,2.17689125847422,43.3335138886955,1.00162287667662,10.1744043827057,4.25907131845017
123,162,0.00472960317599037,1.497545695,0.000159007182727925,2.218028797399,35.9876376612971,1.00431455867682,9.93629717826843,3.6218358826873
36,102,2.13781535,2.20505575,2.04237858464527,2.22342619071581,117.714806190907,0.99694371821381,4.97555422782898,23.658631943455
147,160,0.0076143143327528,1.38028191,0.00060794993114654,2.22659048001091,32.8267216524343,1.03217335253414,9.07697033882141,3.61648440251449
200,200,0.0455998276050035,0.4442508015,0.518053889560565,2.24018766396349,25.2049854605253,0.998473502010757,11.4167814254761,2.2077137611027
200,200,0.00830229699684039,0.61069635,0.103563286860914,2.25485811575723,19.3843546819503,1.00664230510666,9.86542797088623,1.96487721963561
185,200,0.148158470607,1.479279745,0.265056654088637,2.27905511657326,4.46355461909235,1.38287122723285,10.269029378891,0.43466178295951
198,199,0.00884593146381627,0.6395250395,0.131624400291016,2.30565845806846,23.1219734599722,1.03695305238295,9.64921712875366,2.3962538257193
200,200,0.0306461049002948,0.631897725,0.331180488811649,2.32101802057988,15.0725067124904,1.11808983033849,9.80609846115112,1.53705439244805
69,151,0.00498391020279267,1.69187795,4.76879607224474e-07,2.33529690434285,52.1275674120144,1.04016222713468,9.25236058235168,5.63397491354201
80,142,0.00971411115690416,1.78968692,8.36488398242762e-08,2.3563767717744,19.0777121530181,1.00132988858167,9.13522672653198,2.08836766991339
199,176,0.00152476324941356,1.354187175,0.0559916827564613,2.40570852270318,32.7230995887354,1.03217018271776,9.75173473358154,3.35561830615106
200,190,0.00215314531614359,1.19311196,0.114035380593452,2.41604131612943,45.7376399247704,1.04273098013946,10.5999937057495,4.31487425317639
67,119,11.4647515,2.37056175,11.3668755727016,2.4384064817644,215.177091898258,1.00172206699634,6.70171236991882,32.1077778366165
112,176,0.00470667971583045,1.622191415,0.000116564383009072,2.44994469632824,49.701031835668,1.01450964790456,10.0676512718201,4.93670574136631
42,131,0.0165877546395209,2.04796997,5.31721736468936e-09,2.45881511986091,18.4062061200036,1.04339530106209,10.1451711654663,1.81428246205027
179,179,0.00297858747227012,1.32918617,0.00264028446819357,2.48313892054916,53.0607404844842,1.03205937238051,10.383193731308,5.11025238068057
11,152,0.0117225255083865,1.61332936,2.29061842834656e-19,2.48953208855287,24.5686961073818,1.05598302083902,9.54218578338623,2.57474510191973
200,200,0.0182856696457281,0.721942336,0.231642480877655,2.49245443444728,19.2018678820733,1.05790540674198,9.31543326377869,2.06129627450998
150,179,0.00183496715070164,1.35688062,0.000104505130680041,2.5046395477678,42.057239713471,1.09726288615509,8.87977123260498,4.73629766035459
192,174,0.00242868196379051,1.387581185,0.0198855194764174,2.52566777736087,31.5943082089513,1.12127983768334,10.2925627231598,3.06962503496427
144,167,0.00362039177416083,1.589857515,0.000226146294902785,2.54361092728348,9.62104328702889,1.15686194467785,8.71399855613708,1.10409053031722
84,163,0.0131426032702794,1.57284006,2.08674587483413e-06,2.56568855119545,42.8442986628391,1.05084333831258,9.01297569274902,4.75362412186549
138,130,1.4185022,2.47399215,1.45616720955463,2.58410388982052,128.533745702298,1.01171339851779,4.84350609779358,26.5373353738216
186,169,0.00222426801897129,1.585549075,0.013058325498189,2.60417452146336,56.0396166789904,1.04736927679406,10.5628702640533,5.30533986294422
116,96,78.086015,2.6530474,78.2002982712511,2.62023167194522,163.102130086818,1.00709928445041,20.3227338790894,8.02559985566895
95,39,42.656543,3.0331439,42.6218299646381,2.62124926940536,178.766244772134,1.02475742632052,13.8344459533691,12.9218217610369
198,200,0.842275305,1.536995225,1.06282018749451,2.7368285540548,68.5341038154758,1.00479056634741,6.62640452384949,10.3425777235318
182,166,0.00354329045037739,1.755513285,0.00834706489319002,2.77613974753522,42.2001509601573,1.0218076818893,10.2090003490448,4.13362224677617
200,200,0.0268660200999653,0.571448454,0.381497479444015,2.86274041259264,7.47975727380733,1.13466446534448,9.92305636405945,0.753775550534858
146,166,0.011087215120393,1.72491017,0.00105763836635969,2.90729471290112,28.056957703012,1.05262673022878,10.70929646492,2.61986936255961
99,181,0.00508104536645145,1.50276749,4.20449957565743e-07,2.9726044931806,41.4288520173506,1.0739216575455,9.84348011016846,4.20876067749189
145,188,0.00157709275960567,1.282071925,2.45455780238263e-05,3.05810583629822,49.9957240820202,1.00795227828272,10.3619520664215,4.82493296258667
156,146,5.10382535,2.86396075,5.19869785432198,3.07459658046495,148.663413136035,1.02216460341908,5.79886150360107,25.6366552371902
173,18,13.6340675,3.68041595,13.8606881387561,3.07475841259698,184.319997852984,1.01152281767451,6.71418404579163,27.4523302602219
58,185,0.00621746006001615,1.54031244,2.9641633088356e-10,3.10444468516304,27.5226128932658,1.05278503810996,8.67617702484131,3.17220508692527
96,133,51.0308395,2.99375625,51.0176653062925,3.16653055579388,190.161213413561,1.00711099813902,16.0504274368286,11.8477351560885
63,184,0.00607753230807302,1.611406605,8.30893040628982e-08,3.17576983092515,38.9831643448262,1.02942872751719,9.58916974067688,4.06533259907384
200,195,0.00114237865856815,1.298009955,0.0886772069122647,3.19680025583838,35.7451654516834,1.05906595606684,9.34678554534912,3.82432712061848
76,26,29.011918,3.83415405,28.9213040942309,3.2303134854024,132.49076729486,1.02955256958279,10.1164140701294,13.0966137186954
14,190,0.00515669984805079,1.49147991,3.30374210639846e-15,3.33863507540306,15.4604980173031,1.08330798560126,9.06972050666809,1.70462783345269
195,190,0.00265722689180999,1.529226835,0.0416579530165751,3.38864466305582,35.1463485099293,1.04884619552077,9.83017897605896,3.57535184206991
143,150,19.623405,3.0592712,19.7365355573199,3.41176084318844,171.884197413084,1.00069259873743,8.47707533836365,20.2763560016046
72,194,0.00170733384700492,1.34346049,9.34589525534802e-09,3.46834062398873,27.4958963094522,1.03408553387084,10.5234665870667,2.6128173717247
160,196,0.00180468756919287,1.359121015,0.000153387326871778,3.50578925195735,35.6304647356163,1.17329928673303,9.04285573959351,3.94017838630454
190,186,0.00412901540867053,1.471239245,0.0146368809640654,3.61192048944466,28.923779154368,1.107736766257,9.50780630111694,3.0421085830251
86,140,0.960744105,3.42729845,0.954266028509848,3.69820616577543,95.8737423156535,1.03540663651093,5.29326200485229,18.1124120113017
9,124,31.870922,3.7669933,31.2902263999228,3.89590772269432,224.608356601808,1.01035059990014,11.7109777927399,19.179300018915
121,194,0.00305536138917841,1.58297189,3.85886295441802e-06,4.18444340954371,52.9035677605952,1.00587261622735,9.76750922203064,5.41628029807959
167,198,0.0116579710080978,1.65866949,0.0033199875778387,4.4593729411347,48.954818776686,1.03204458888789,9.46115469932556,5.17429640804581
108,122,2.52247505,4.36762025,2.5305351268385,4.49053418888889,170.957659379771,1.02703365364923,4.70009708404541,36.3732187490532
61,196,97.9749525,3.667513,97.7635479697669,4.56892628935268,171.063905717275,1.01126300597729,24.3220040798187,7.03329812608724
100,192,0.0112505469127909,1.613932475,1.90519503929139e-07,4.7467021906938,19.2618550200913,1.1179863475667,10.2291557788849,1.8830346742643
104,200,0.00422651268303409,1.68528499,3.65006724071953e-05,4.81695893675496,41.9208566123949,0.998254527458857,10.9278955459595,3.83613262371408
66,196,1.43851345,4.1780345,1.40792648492036,5.25341578139118,166.946274749806,1.01487772573683,4.44607138633728,37.5491664985025
200,200,0.0557066748164821,0.560521903,0.777388160826462,5.3746354958767,9.61273185063878,1.61004497452657,11.810840845108,0.81389055840341
195,200,0.0019381255971276,1.316181705,0.0164397015390825,6.37289440699033,42.0753242890726,1.06218677660236,9.24821543693542,4.54956143441821
10,46,3.4022146,8.2206492,3.29801651702635,7.44353590209023,167.572690268356,1.0043927169575,4.55405712127686,36.79635230868
